Sector,Average General Index
Rural,143.1535433070866
Rural+Urban,141.96692913385826
Urban,140.35078125
